estimator,metric,count,mean,mean_low_95,mean_high_95,mean_inside_95
cv,nis,3417,1.5863891300438149,1.9334973148223398,2.067611415652946,False
cv,position_nees,3864,1.602772318237833,1.937430859949063,2.0635496113909912,False
formal_imm,nis,3417,1.9950967461362752,1.9334973148223398,2.067611415652946,True
formal_imm,position_nees,3864,1.621895402504537,1.937430859949063,2.0635496113909912,False
ghost_mh,position_nees,3864,1.6407891193280713,1.937430859949063,2.0635496113909912,False
