{
  "ablation": [
    {
      "acceleration_std_mps2": 0.3,
      "compute_p99_us": 2157.18437,
      "compute_us_per_step": 1800.8802290372669,
      "covariance_failure_count": 0,
      "hidden_rmse_m": 0.027648717076846716,
      "lag_steps": 20,
      "latency_s": 2.0,
      "position_error_p95_m": 0.020782172809446584,
      "position_rmse_m": 0.01253232656460246,
      "score": 0.13002300676061787,
      "trial_rmse_m": {
        "g4_abrupt_maneuver_rep01": 0.01648049474172578,
        "g4_acceleration_deceleration_rep01": 0.009528965351163918,
        "g4_complete_occlusion_rep01": 0.023042732908552827,
        "g4_constant_velocity_rep01": 0.006560547228067025,
        "g4_coordinated_arc_rep01": 0.00858737155076214,
        "g4_repeated_reentry_rep01": 0.00953307474556955,
        "g4_stationary_rep01": 0.009488729453062979,
        "g4_stop_and_go_rep01": 0.008086965726618949
      },
      "valid": true
    },
    {
      "acceleration_std_mps2": 0.3,
      "compute_p99_us": 1141.4029099999998,
      "compute_us_per_step": 1043.086995341615,
      "covariance_failure_count": 0,
      "hidden_rmse_m": 0.052002806928693746,
      "lag_steps": 10,
      "latency_s": 1.0,
      "position_error_p95_m": 0.027695936545343695,
      "position_rmse_m": 0.01951238879606128,
      "score": 0.1383783390959342,
      "trial_rmse_m": {
        "g4_abrupt_maneuver_rep01": 0.04245624635756439,
        "g4_acceleration_deceleration_rep01": 0.009602730647341432,
        "g4_complete_occlusion_rep01": 0.023731432037719408,
        "g4_constant_velocity_rep01": 0.006647470454266148,
        "g4_coordinated_arc_rep01": 0.014588953667606343,
        "g4_repeated_reentry_rep01": 0.013310798679524012,
        "g4_stationary_rep01": 0.009433464525005401,
        "g4_stop_and_go_rep01": 0.008046510300839596
      },
      "valid": true
    },
    {
      "acceleration_std_mps2": 0.65,
      "compute_p99_us": 1977.55948,
      "compute_us_per_step": 1789.240722826087,
      "covariance_failure_count": 0,
      "hidden_rmse_m": 0.03617130329533859,
      "lag_steps": 20,
      "latency_s": 2.0,
      "position_error_p95_m": 0.02891818325855925,
      "position_rmse_m": 0.015909203658608116,
      "score": 0.14595097305813773,
      "trial_rmse_m": {
        "g4_abrupt_maneuver_rep01": 0.017813614857645106,
        "g4_acceleration_deceleration_rep01": 0.01130084413187188,
        "g4_complete_occlusion_rep01": 0.03198798670516995,
        "g4_constant_velocity_rep01": 0.008480881918692612,
        "g4_coordinated_arc_rep01": 0.009809423087963495,
        "g4_repeated_reentry_rep01": 0.01320583758408995,
        "g4_stationary_rep01": 0.011580463968162358,
        "g4_stop_and_go_rep01": 0.008938982666741447
      },
      "valid": true
    },
    {
      "acceleration_std_mps2": 0.65,
      "compute_p99_us": 1137.96828,
      "compute_us_per_step": 1042.1715201863356,
      "covariance_failure_count": 0,
      "hidden_rmse_m": 0.05886372623575762,
      "lag_steps": 10,
      "latency_s": 1.0,
      "position_error_p95_m": 0.03236028194810489,
      "position_rmse_m": 0.022277447945152556,
      "score": 0.1514164677025157,
      "trial_rmse_m": {
        "g4_abrupt_maneuver_rep01": 0.04774467311440536,
        "g4_acceleration_deceleration_rep01": 0.011244795931912072,
        "g4_complete_occlusion_rep01": 0.029318989724070096,
        "g4_constant_velocity_rep01": 0.00837457487676911,
        "g4_coordinated_arc_rep01": 0.013427427081586788,
        "g4_repeated_reentry_rep01": 0.015660574753752463,
        "g4_stationary_rep01": 0.011368129888953778,
        "g4_stop_and_go_rep01": 0.008930722793370285
      },
      "valid": true
    },
    {
      "acceleration_std_mps2": 1.0,
      "compute_p99_us": 2098.1814399999994,
      "compute_us_per_step": 1793.2716211180125,
      "covariance_failure_count": 0,
      "hidden_rmse_m": 0.05062141826292539,
      "lag_steps": 20,
      "latency_s": 2.0,
      "position_error_p95_m": 0.04054441245540415,
      "position_rmse_m": 0.0207991639677354,
      "score": 0.17259672378448376,
      "trial_rmse_m": {
        "g4_abrupt_maneuver_rep01": 0.020604497118645575,
        "g4_acceleration_deceleration_rep01": 0.01234866831509047,
        "g4_complete_occlusion_rep01": 0.0461719189401513,
        "g4_constant_velocity_rep01": 0.00983705942614473,
        "g4_coordinated_arc_rep01": 0.011071454387668314,
        "g4_repeated_reentry_rep01": 0.016502543054545474,
        "g4_stationary_rep01": 0.012787674175681439,
        "g4_stop_and_go_rep01": 0.009836533244360315
      },
      "valid": true
    },
    {
      "acceleration_std_mps2": 1.0,
      "compute_p99_us": 1138.49677,
      "compute_us_per_step": 1041.7468874223603,
      "covariance_failure_count": 0,
      "hidden_rmse_m": 0.0736328810074853,
      "lag_steps": 10,
      "latency_s": 1.0,
      "position_error_p95_m": 0.042935500770417086,
      "position_rmse_m": 0.027331228926594623,
      "score": 0.1786154881862698,
      "trial_rmse_m": {
        "g4_abrupt_maneuver_rep01": 0.05152403231771406,
        "g4_acceleration_deceleration_rep01": 0.012242537691746349,
        "g4_complete_occlusion_rep01": 0.04708666509583159,
        "g4_constant_velocity_rep01": 0.009685198851854333,
        "g4_coordinated_arc_rep01": 0.014933942350995072,
        "g4_repeated_reentry_rep01": 0.019576851694240303,
        "g4_stationary_rep01": 0.01256418509160273,
        "g4_stop_and_go_rep01": 0.009811796554585044
      },
      "valid": true
    },
    {
      "acceleration_std_mps2": 0.3,
      "compute_p99_us": 726.5269599999999,
      "compute_us_per_step": 650.7154681677019,
      "covariance_failure_count": 0,
      "hidden_rmse_m": 0.09022338174645726,
      "lag_steps": 5,
      "latency_s": 0.5,
      "position_error_p95_m": 0.03586852350157623,
      "position_rmse_m": 0.03142101312572265,
      "score": 0.1897703951087626,
      "trial_rmse_m": {
        "g4_abrupt_maneuver_rep01": 0.07857247712901609,
        "g4_acceleration_deceleration_rep01": 0.009852209546286541,
        "g4_complete_occlusion_rep01": 0.02452281082124867,
        "g4_constant_velocity_rep01": 0.006969657671543193,
        "g4_coordinated_arc_rep01": 0.02345274106522765,
        "g4_repeated_reentry_rep01": 0.01649635212642407,
        "g4_stationary_rep01": 0.009510790135201775,
        "g4_stop_and_go_rep01": 0.008061025186680034
      },
      "valid": true
    },
    {
      "acceleration_std_mps2": 0.3,
      "compute_p99_us": 3665.9014699999993,
      "compute_us_per_step": 3129.677454192547,
      "covariance_failure_count": 0,
      "hidden_rmse_m": 0.0263682374836233,
      "lag_steps": 40,
      "latency_s": 4.0,
      "position_error_p95_m": 0.0251029017860582,
      "position_rmse_m": 0.012427127828862239,
      "score": 0.1945730331381481,
      "trial_rmse_m": {
        "g4_abrupt_maneuver_rep01": 0.01872308255751084,
        "g4_acceleration_deceleration_rep01": 0.009815862553258845,
        "g4_complete_occlusion_rep01": 0.021640047704904172,
        "g4_constant_velocity_rep01": 0.006283360485870043,
        "g4_coordinated_arc_rep01": 0.00800840485200224,
        "g4_repeated_reentry_rep01": 0.008283762338041706,
        "g4_stationary_rep01": 0.00885903322414542,
        "g4_stop_and_go_rep01": 0.008339847144885667
      },
      "valid": true
    },
    {
      "acceleration_std_mps2": 0.65,
      "compute_p99_us": 727.9371899999995,
      "compute_us_per_step": 650.437546583851,
      "covariance_failure_count": 0,
      "hidden_rmse_m": 0.09752910225962204,
      "lag_steps": 5,
      "latency_s": 0.5,
      "position_error_p95_m": 0.03869441343058707,
      "position_rmse_m": 0.03423920285020389,
      "score": 0.20354160717131398,
      "trial_rmse_m": {
        "g4_abrupt_maneuver_rep01": 0.0859040009423724,
        "g4_acceleration_deceleration_rep01": 0.011589831450678658,
        "g4_complete_occlusion_rep01": 0.028675653170255073,